name,age
Eutychian,43.436002737850785
Miltiades,43.52908966461328
Mark,46.26967830253251
Stephen,46.56141151418359
Valentine,47.27720739219713
Romanus,47.34017796030116
Agapetus,48.08350444900753
Victor,48.1222906684919
Theodore,48.172484599589325
Zosimus,48.49007529089665
Lando,48.59958932238193
Fabian,49.55783709787816
Marinus,49.854893908281994
Sergius,50.10403832991102
Constantine,50.770704996577685
Caius,50.81177275838467
Adeodatus,51.66050650239562
Sylvester,52.68446269678302
Simplicius,52.69267624914442
John,53.46176342480244
Felix,53.46566278804472
Marcellus,53.765913757700204
Marcellinus,53.82067077344285
Symmachus,54.04791238877481
Soter,54.81177275838467
Vigilius,54.93497604380561
Severinus,55.08829568788501
Eusebius,55.12936344969199
Anterus,55.507186858316224
Liberius,56.23545516769336
Eugene,56.43737166324435
Silverius,56.69267624914442
Conon,57.22655715263518
Zephyrinus,57.47022587268994
Sisinnius,57.596167008898014
Paschal,58.08898015058179
Eleutherius,58.90485968514716
Benedict,59.239242527948896
Pontian,60.24366872005476
Anastasius,61.049965776865164
Boniface,61.17077344284736
Pelagius,62.64202600958248
Leo,62.644342652556205
Sixtus,62.95195071868583
Peter,63.50444900752909
Anacletus,63.50444900752909
Damasus,63.77960301163587
Siricius,65.4072553045859
Hyginus,65.53045859000684
Alexander,65.62706561063851
Urban,65.84531143052703
Celestine,65.91238877481177
Innocent,66.36381824882852
Linus,66.50513347022587
Nicholas,66.89062286105408
Gregory,66.89459274469542
Martin,67.2498288843258
Hilary,67.66598220396989
Donus,67.78097193702943
Dionysius,68.49007529089664
Telesphorus,68.51471594798083
Adrian,69.16586812685375
Lucius,69.23659593885466
Julius,69.51311886835501
Honorius,69.69062286105407
Clement,70.01232032854209
Callixtus,70.44490075290896
Vitalian,71.57563312799452
Gelasius,71.9876796714579
Zachary,72.72553045859
Paul,72.91033538672143
Cornelius,72.98288843258042
Hormisdas,73.09787816563997
Anicetus,73.80150581793292
Pius,74.43121149897331
Evaristus,75.32375085557837
John Paul,75.40999315537303
Sabinian,75.64681724845995
Francis,87.86036960985626
Formosus,90.7624914442163
Agatho,103.52908966461328
